IN,PHY_P1,CHEM_P1,MAT_P1,OVERALL_P1,TM_P1,TQ_P1,MCQ_P1,MMCQ_P1,NUM_P1,PARA_P1,MTF_P1,PHY_P2,CHEM_P2,MAT_P2,OVERALL_P2,TM_P2,TQ_P2,MCQ_P2,MMCQ_P2,NUM_P2,PARA_P2,MTF_P2,EASY_P,MED_P,HARD_P,EASY_C,MED_C,HARD_C,EASY_M,MED_M,HARD_M,OUT
337,0.35,0.48,0.36,0.396667,180,54,0,0.4,0.4,0.2,0,0.418,0.46,0.42,0.2596,180,54,0,0.4,0.4,0,0.2,0.366667,0.358333,0.275,0.133333,0.366667,0.5,0.333333,0.3,0.366667,1
272,0.35,0.48,0.36,0.396667,180,54,0,0.4,0.4,0.2,0,0.418,0.46,0.42,0.2596,180,54,0,0.4,0.4,0,0.2,0.366667,0.358333,0.275,0.133333,0.366667,0.5,0.333333,0.3,0.366667,101
258,0.35,0.48,0.36,0.396667,180,54,0,0.4,0.4,0.2,0,0.418,0.46,0.42,0.2596,180,54,0,0.4,0.4,0,0.2,0.366667,0.358333,0.275,0.133333,0.366667,0.5,0.333333,0.3,0.366667,201
247,0.35,0.48,0.36,0.396667,180,54,0,0.4,0.4,0.2,0,0.418,0.46,0.42,0.2596,180,54,0,0.4,0.4,0,0.2,0.366667,0.358333,0.275,0.133333,0.366667,0.5,0.333333,0.3,0.366667,301
240,0.35,0.48,0.36,0.396667,180,54,0,0.4,0.4,0.2,0,0.418,0.46,0.42,0.2596,180,54,0,0.4,0.4,0,0.2,0.366667,0.358333,0.275,0.133333,0.366667,0.5,0.333333,0.3,0.366667,401
233,0.35,0.48,0.36,0.396667,180,54,0,0.4,0.4,0.2,0,0.418,0.46,0.42,0.2596,180,54,0,0.4,0.4,0,0.2,0.366667,0.358333,0.275,0.133333,0.366667,0.5,0.333333,0.3,0.366667,501
227,0.35,0.48,0.36,0.396667,180,54,0,0.4,0.4,0.2,0,0.418,0.46,0.42,0.2596,180,54,0,0.4,0.4,0,0.2,0.366667,0.358333,0.275,0.133333,0.366667,0.5,0.333333,0.3,0.366667,601
223,0.35,0.48,0.36,0.396667,180,54,0,0.4,0.4,0.2,0,0.418,0.46,0.42,0.2596,180,54,0,0.4,0.4,0,0.2,0.366667,0.358333,0.275,0.133333,0.366667,0.5,0.333333,0.3,0.366667,701
219,0.35,0.48,0.36,0.396667,180,54,0,0.4,0.4,0.2,0,0.418,0.46,0.42,0.2596,180,54,0,0.4,0.4,0,0.2,0.366667,0.358333,0.275,0.133333,0.366667,0.5,0.333333,0.3,0.366667,801
216,0.35,0.48,0.36,0.396667,180,54,0,0.4,0.4,0.2,0,0.418,0.46,0.42,0.2596,180,54,0,0.4,0.4,0,0.2,0.366667,0.358333,0.275,0.133333,0.366667,0.5,0.333333,0.3,0.366667,901
213,0.35,0.48,0.36,0.396667,180,54,0,0.4,0.4,0.2,0,0.418,0.46,0.42,0.2596,180,54,0,0.4,0.4,0,0.2,0.366667,0.358333,0.275,0.133333,0.366667,0.5,0.333333,0.3,0.366667,1001
210,0.35,0.48,0.36,0.396667,180,54,0,0.4,0.4,0.2,0,0.418,0.46,0.42,0.2596,180,54,0,0.4,0.4,0,0.2,0.366667,0.358333,0.275,0.133333,0.366667,0.5,0.333333,0.3,0.366667,1101
207,0.35,0.48,0.36,0.396667,180,54,0,0.4,0.4,0.2,0,0.418,0.46,0.42,0.2596,180,54,0,0.4,0.4,0,0.2,0.366667,0.358333,0.275,0.133333,0.366667,0.5,0.333333,0.3,0.366667,1201
204,0.35,0.48,0.36,0.396667,180,54,0,0.4,0.4,0.2,0,0.418,0.46,0.42,0.2596,180,54,0,0.4,0.4,0,0.2,0.366667,0.358333,0.275,0.133333,0.366667,0.5,0.333333,0.3,0.366667,1301
202,0.35,0.48,0.36,0.396667,180,54,0,0.4,0.4,0.2,0,0.418,0.46,0.42,0.2596,180,54,0,0.4,0.4,0,0.2,0.366667,0.358333,0.275,0.133333,0.366667,0.5,0.333333,0.3,0.366667,1401
200,0.35,0.48,0.36,0.396667,180,54,0,0.4,0.4,0.2,0,0.418,0.46,0.42,0.2596,180,54,0,0.4,0.4,0,0.2,0.366667,0.358333,0.275,0.133333,0.366667,0.5,0.333333,0.3,0.366667,1501
198,0.35,0.48,0.36,0.396667,180,54,0,0.4,0.4,0.2,0,0.418,0.46,0.42,0.2596,180,54,0,0.4,0.4,0,0.2,0.366667,0.358333,0.275,0.133333,0.366667,0.5,0.333333,0.3,0.366667,1601
196,0.35,0.48,0.36,0.396667,180,54,0,0.4,0.4,0.2,0,0.418,0.46,0.42,0.2596,180,54,0,0.4,0.4,0,0.2,0.366667,0.358333,0.275,0.133333,0.366667,0.5,0.333333,0.3,0.366667,1701
195,0.35,0.48,0.36,0.396667,180,54,0,0.4,0.4,0.2,0,0.418,0.46,0.42,0.2596,180,54,0,0.4,0.4,0,0.2,0.366667,0.358333,0.275,0.133333,0.366667,0.5,0.333333,0.3,0.366667,1801
193,0.35,0.48,0.36,0.396667,180,54,0,0.4,0.4,0.2,0,0.418,0.46,0.42,0.2596,180,54,0,0.4,0.4,0,0.2,0.366667,0.358333,0.275,0.133333,0.366667,0.5,0.333333,0.3,0.366667,1901
191,0.35,0.48,0.36,0.396667,180,54,0,0.4,0.4,0.2,0,0.418,0.46,0.42,0.2596,180,54,0,0.4,0.4,0,0.2,0.366667,0.358333,0.275,0.133333,0.366667,0.5,0.333333,0.3,0.366667,2001
190,0.35,0.48,0.36,0.396667,180,54,0,0.4,0.4,0.2,0,0.418,0.46,0.42,0.2596,180,54,0,0.4,0.4,0,0.2,0.366667,0.358333,0.275,0.133333,0.366667,0.5,0.333333,0.3,0.366667,2101
188,0.35,0.48,0.36,0.396667,180,54,0,0.4,0.4,0.2,0,0.418,0.46,0.42,0.2596,180,54,0,0.4,0.4,0,0.2,0.366667,0.358333,0.275,0.133333,0.366667,0.5,0.333333,0.3,0.366667,2201
187,0.35,0.48,0.36,0.396667,180,54,0,0.4,0.4,0.2,0,0.418,0.46,0.42,0.2596,180,54,0,0.4,0.4,0,0.2,0.366667,0.358333,0.275,0.133333,0.366667,0.5,0.333333,0.3,0.366667,2301
185,0.35,0.48,0.36,0.396667,180,54,0,0.4,0.4,0.2,0,0.418,0.46,0.42,0.2596,180,54,0,0.4,0.4,0,0.2,0.366667,0.358333,0.275,0.133333,0.366667,0.5,0.333333,0.3,0.366667,2401
184,0.35,0.48,0.36,0.396667,180,54,0,0.4,0.4,0.2,0,0.418,0.46,0.42,0.2596,180,54,0,0.4,0.4,0,0.2,0.366667,0.358333,0.275,0.133333,0.366667,0.5,0.333333,0.3,0.366667,2501
182,0.35,0.48,0.36,0.396667,180,54,0,0.4,0.4,0.2,0,0.418,0.46,0.42,0.2596,180,54,0,0.4,0.4,0,0.2,0.366667,0.358333,0.275,0.133333,0.366667,0.5,0.333333,0.3,0.366667,2601
181,0.35,0.48,0.36,0.396667,180,54,0,0.4,0.4,0.2,0,0.418,0.46,0.42,0.2596,180,54,0,0.4,0.4,0,0.2,0.366667,0.358333,0.275,0.133333,0.366667,0.5,0.333333,0.3,0.366667,2701
180,0.35,0.48,0.36,0.396667,180,54,0,0.4,0.4,0.2,0,0.418,0.46,0.42,0.2596,180,54,0,0.4,0.4,0,0.2,0.366667,0.358333,0.275,0.133333,0.366667,0.5,0.333333,0.3,0.366667,2801
179,0.35,0.48,0.36,0.396667,180,54,0,0.4,0.4,0.2,0,0.418,0.46,0.42,0.2596,180,54,0,0.4,0.4,0,0.2,0.366667,0.358333,0.275,0.133333,0.366667,0.5,0.333333,0.3,0.366667,2901
177,0.35,0.48,0.36,0.396667,180,54,0,0.4,0.4,0.2,0,0.418,0.46,0.42,0.2596,180,54,0,0.4,0.4,0,0.2,0.366667,0.358333,0.275,0.133333,0.366667,0.5,0.333333,0.3,0.366667,3001
176,0.35,0.48,0.36,0.396667,180,54,0,0.4,0.4,0.2,0,0.418,0.46,0.42,0.2596,180,54,0,0.4,0.4,0,0.2,0.366667,0.358333,0.275,0.133333,0.366667,0.5,0.333333,0.3,0.366667,3101
175,0.35,0.48,0.36,0.396667,180,54,0,0.4,0.4,0.2,0,0.418,0.46,0.42,0.2596,180,54,0,0.4,0.4,0,0.2,0.366667,0.358333,0.275,0.133333,0.366667,0.5,0.333333,0.3,0.366667,3201
174,0.35,0.48,0.36,0.396667,180,54,0,0.4,0.4,0.2,0,0.418,0.46,0.42,0.2596,180,54,0,0.4,0.4,0,0.2,0.366667,0.358333,0.275,0.133333,0.366667,0.5,0.333333,0.3,0.366667,3301
173,0.35,0.48,0.36,0.396667,180,54,0,0.4,0.4,0.2,0,0.418,0.46,0.42,0.2596,180,54,0,0.4,0.4,0,0.2,0.366667,0.358333,0.275,0.133333,0.366667,0.5,0.333333,0.3,0.366667,3401
172,0.35,0.48,0.36,0.396667,180,54,0,0.4,0.4,0.2,0,0.418,0.46,0.42,0.2596,180,54,0,0.4,0.4,0,0.2,0.366667,0.358333,0.275,0.133333,0.366667,0.5,0.333333,0.3,0.366667,3501
171,0.35,0.48,0.36,0.396667,180,54,0,0.4,0.4,0.2,0,0.418,0.46,0.42,0.2596,180,54,0,0.4,0.4,0,0.2,0.366667,0.358333,0.275,0.133333,0.366667,0.5,0.333333,0.3,0.366667,3601
170,0.35,0.48,0.36,0.396667,180,54,0,0.4,0.4,0.2,0,0.418,0.46,0.42,0.2596,180,54,0,0.4,0.4,0,0.2,0.366667,0.358333,0.275,0.133333,0.366667,0.5,0.333333,0.3,0.366667,3701
169,0.35,0.48,0.36,0.396667,180,54,0,0.4,0.4,0.2,0,0.418,0.46,0.42,0.2596,180,54,0,0.4,0.4,0,0.2,0.366667,0.358333,0.275,0.133333,0.366667,0.5,0.333333,0.3,0.366667,3801
168,0.35,0.48,0.36,0.396667,180,54,0,0.4,0.4,0.2,0,0.418,0.46,0.42,0.2596,180,54,0,0.4,0.4,0,0.2,0.366667,0.358333,0.275,0.133333,0.366667,0.5,0.333333,0.3,0.366667,3901
167,0.35,0.48,0.36,0.396667,180,54,0,0.4,0.4,0.2,0,0.418,0.46,0.42,0.2596,180,54,0,0.4,0.4,0,0.2,0.366667,0.358333,0.275,0.133333,0.366667,0.5,0.333333,0.3,0.366667,4001
166,0.35,0.48,0.36,0.396667,180,54,0,0.4,0.4,0.2,0,0.418,0.46,0.42,0.2596,180,54,0,0.4,0.4,0,0.2,0.366667,0.358333,0.275,0.133333,0.366667,0.5,0.333333,0.3,0.366667,4101
165,0.35,0.48,0.36,0.396667,180,54,0,0.4,0.4,0.2,0,0.418,0.46,0.42,0.2596,180,54,0,0.4,0.4,0,0.2,0.366667,0.358333,0.275,0.133333,0.366667,0.5,0.333333,0.3,0.366667,4201
164,0.35,0.48,0.36,0.396667,180,54,0,0.4,0.4,0.2,0,0.418,0.46,0.42,0.2596,180,54,0,0.4,0.4,0,0.2,0.366667,0.358333,0.275,0.133333,0.366667,0.5,0.333333,0.3,0.366667,4301
164,0.35,0.48,0.36,0.396667,180,54,0,0.4,0.4,0.2,0,0.418,0.46,0.42,0.2596,180,54,0,0.4,0.4,0,0.2,0.366667,0.358333,0.275,0.133333,0.366667,0.5,0.333333,0.3,0.366667,4401
163,0.35,0.48,0.36,0.396667,180,54,0,0.4,0.4,0.2,0,0.418,0.46,0.42,0.2596,180,54,0,0.4,0.4,0,0.2,0.366667,0.358333,0.275,0.133333,0.366667,0.5,0.333333,0.3,0.366667,4501
162,0.35,0.48,0.36,0.396667,180,54,0,0.4,0.4,0.2,0,0.418,0.46,0.42,0.2596,180,54,0,0.4,0.4,0,0.2,0.366667,0.358333,0.275,0.133333,0.366667,0.5,0.333333,0.3,0.366667,4601
161,0.35,0.48,0.36,0.396667,180,54,0,0.4,0.4,0.2,0,0.418,0.46,0.42,0.2596,180,54,0,0.4,0.4,0,0.2,0.366667,0.358333,0.275,0.133333,0.366667,0.5,0.333333,0.3,0.366667,4701
160,0.35,0.48,0.36,0.396667,180,54,0,0.4,0.4,0.2,0,0.418,0.46,0.42,0.2596,180,54,0,0.4,0.4,0,0.2,0.366667,0.358333,0.275,0.133333,0.366667,0.5,0.333333,0.3,0.366667,4801
159,0.35,0.48,0.36,0.396667,180,54,0,0.4,0.4,0.2,0,0.418,0.46,0.42,0.2596,180,54,0,0.4,0.4,0,0.2,0.366667,0.358333,0.275,0.133333,0.366667,0.5,0.333333,0.3,0.366667,4901
158,0.35,0.48,0.36,0.396667,180,54,0,0.4,0.4,0.2,0,0.418,0.46,0.42,0.2596,180,54,0,0.4,0.4,0,0.2,0.366667,0.358333,0.275,0.133333,0.366667,0.5,0.333333,0.3,0.366667,5001
158,0.35,0.48,0.36,0.396667,180,54,0,0.4,0.4,0.2,0,0.418,0.46,0.42,0.2596,180,54,0,0.4,0.4,0,0.2,0.366667,0.358333,0.275,0.133333,0.366667,0.5,0.333333,0.3,0.366667,5101
157,0.35,0.48,0.36,0.396667,180,54,0,0.4,0.4,0.2,0,0.418,0.46,0.42,0.2596,180,54,0,0.4,0.4,0,0.2,0.366667,0.358333,0.275,0.133333,0.366667,0.5,0.333333,0.3,0.366667,5201
156,0.35,0.48,0.36,0.396667,180,54,0,0.4,0.4,0.2,0,0.418,0.46,0.42,0.2596,180,54,0,0.4,0.4,0,0.2,0.366667,0.358333,0.275,0.133333,0.366667,0.5,0.333333,0.3,0.366667,5301
155,0.35,0.48,0.36,0.396667,180,54,0,0.4,0.4,0.2,0,0.418,0.46,0.42,0.2596,180,54,0,0.4,0.4,0,0.2,0.366667,0.358333,0.275,0.133333,0.366667,0.5,0.333333,0.3,0.366667,5402
154,0.35,0.48,0.36,0.396667,180,54,0,0.4,0.4,0.2,0,0.418,0.46,0.42,0.2596,180,54,0,0.4,0.4,0,0.2,0.366667,0.358333,0.275,0.133333,0.366667,0.5,0.333333,0.3,0.366667,5501
154,0.35,0.48,0.36,0.396667,180,54,0,0.4,0.4,0.2,0,0.418,0.46,0.42,0.2596,180,54,0,0.4,0.4,0,0.2,0.366667,0.358333,0.275,0.133333,0.366667,0.5,0.333333,0.3,0.366667,5601
153,0.35,0.48,0.36,0.396667,180,54,0,0.4,0.4,0.2,0,0.418,0.46,0.42,0.2596,180,54,0,0.4,0.4,0,0.2,0.366667,0.358333,0.275,0.133333,0.366667,0.5,0.333333,0.3,0.366667,5701
152,0.35,0.48,0.36,0.396667,180,54,0,0.4,0.4,0.2,0,0.418,0.46,0.42,0.2596,180,54,0,0.4,0.4,0,0.2,0.366667,0.358333,0.275,0.133333,0.366667,0.5,0.333333,0.3,0.366667,5801
152,0.35,0.48,0.36,0.396667,180,54,0,0.4,0.4,0.2,0,0.418,0.46,0.42,0.2596,180,54,0,0.4,0.4,0,0.2,0.366667,0.358333,0.275,0.133333,0.366667,0.5,0.333333,0.3,0.366667,5901
151,0.35,0.48,0.36,0.396667,180,54,0,0.4,0.4,0.2,0,0.418,0.46,0.42,0.2596,180,54,0,0.4,0.4,0,0.2,0.366667,0.358333,0.275,0.133333,0.366667,0.5,0.333333,0.3,0.366667,6001
150,0.35,0.48,0.36,0.396667,180,54,0,0.4,0.4,0.2,0,0.418,0.46,0.42,0.2596,180,54,0,0.4,0.4,0,0.2,0.366667,0.358333,0.275,0.133333,0.366667,0.5,0.333333,0.3,0.366667,6101
150,0.35,0.48,0.36,0.396667,180,54,0,0.4,0.4,0.2,0,0.418,0.46,0.42,0.2596,180,54,0,0.4,0.4,0,0.2,0.366667,0.358333,0.275,0.133333,0.366667,0.5,0.333333,0.3,0.366667,6201
149,0.35,0.48,0.36,0.396667,180,54,0,0.4,0.4,0.2,0,0.418,0.46,0.42,0.2596,180,54,0,0.4,0.4,0,0.2,0.366667,0.358333,0.275,0.133333,0.366667,0.5,0.333333,0.3,0.366667,6301
148,0.35,0.48,0.36,0.396667,180,54,0,0.4,0.4,0.2,0,0.418,0.46,0.42,0.2596,180,54,0,0.4,0.4,0,0.2,0.366667,0.358333,0.275,0.133333,0.366667,0.5,0.333333,0.3,0.366667,6401
148,0.35,0.48,0.36,0.396667,180,54,0,0.4,0.4,0.2,0,0.418,0.46,0.42,0.2596,180,54,0,0.4,0.4,0,0.2,0.366667,0.358333,0.275,0.133333,0.366667,0.5,0.333333,0.3,0.366667,6501
147,0.35,0.48,0.36,0.396667,180,54,0,0.4,0.4,0.2,0,0.418,0.46,0.42,0.2596,180,54,0,0.4,0.4,0,0.2,0.366667,0.358333,0.275,0.133333,0.366667,0.5,0.333333,0.3,0.366667,6601
147,0.35,0.48,0.36,0.396667,180,54,0,0.4,0.4,0.2,0,0.418,0.46,0.42,0.2596,180,54,0,0.4,0.4,0,0.2,0.366667,0.358333,0.275,0.133333,0.366667,0.5,0.333333,0.3,0.366667,6701
146,0.35,0.48,0.36,0.396667,180,54,0,0.4,0.4,0.2,0,0.418,0.46,0.42,0.2596,180,54,0,0.4,0.4,0,0.2,0.366667,0.358333,0.275,0.133333,0.366667,0.5,0.333333,0.3,0.366667,6801
145,0.35,0.48,0.36,0.396667,180,54,0,0.4,0.4,0.2,0,0.418,0.46,0.42,0.2596,180,54,0,0.4,0.4,0,0.2,0.366667,0.358333,0.275,0.133333,0.366667,0.5,0.333333,0.3,0.366667,6901
145,0.35,0.48,0.36,0.396667,180,54,0,0.4,0.4,0.2,0,0.418,0.46,0.42,0.2596,180,54,0,0.4,0.4,0,0.2,0.366667,0.358333,0.275,0.133333,0.366667,0.5,0.333333,0.3,0.366667,7001
144,0.35,0.48,0.36,0.396667,180,54,0,0.4,0.4,0.2,0,0.418,0.46,0.42,0.2596,180,54,0,0.4,0.4,0,0.2,0.366667,0.358333,0.275,0.133333,0.366667,0.5,0.333333,0.3,0.366667,7101
144,0.35,0.48,0.36,0.396667,180,54,0,0.4,0.4,0.2,0,0.418,0.46,0.42,0.2596,180,54,0,0.4,0.4,0,0.2,0.366667,0.358333,0.275,0.133333,0.366667,0.5,0.333333,0.3,0.366667,7201
143,0.35,0.48,0.36,0.396667,180,54,0,0.4,0.4,0.2,0,0.418,0.46,0.42,0.2596,180,54,0,0.4,0.4,0,0.2,0.366667,0.358333,0.275,0.133333,0.366667,0.5,0.333333,0.3,0.366667,7301
143,0.35,0.48,0.36,0.396667,180,54,0,0.4,0.4,0.2,0,0.418,0.46,0.42,0.2596,180,54,0,0.4,0.4,0,0.2,0.366667,0.358333,0.275,0.133333,0.366667,0.5,0.333333,0.3,0.366667,7401
142,0.35,0.48,0.36,0.396667,180,54,0,0.4,0.4,0.2,0,0.418,0.46,0.42,0.2596,180,54,0,0.4,0.4,0,0.2,0.366667,0.358333,0.275,0.133333,0.366667,0.5,0.333333,0.3,0.366667,7501
142,0.35,0.48,0.36,0.396667,180,54,0,0.4,0.4,0.2,0,0.418,0.46,0.42,0.2596,180,54,0,0.4,0.4,0,0.2,0.366667,0.358333,0.275,0.133333,0.366667,0.5,0.333333,0.3,0.366667,7601
141,0.35,0.48,0.36,0.396667,180,54,0,0.4,0.4,0.2,0,0.418,0.46,0.42,0.2596,180,54,0,0.4,0.4,0,0.2,0.366667,0.358333,0.275,0.133333,0.366667,0.5,0.333333,0.3,0.366667,7701
140,0.35,0.48,0.36,0.396667,180,54,0,0.4,0.4,0.2,0,0.418,0.46,0.42,0.2596,180,54,0,0.4,0.4,0,0.2,0.366667,0.358333,0.275,0.133333,0.366667,0.5,0.333333,0.3,0.366667,7801
140,0.35,0.48,0.36,0.396667,180,54,0,0.4,0.4,0.2,0,0.418,0.46,0.42,0.2596,180,54,0,0.4,0.4,0,0.2,0.366667,0.358333,0.275,0.133333,0.366667,0.5,0.333333,0.3,0.366667,7901
139,0.35,0.48,0.36,0.396667,180,54,0,0.4,0.4,0.2,0,0.418,0.46,0.42,0.2596,180,54,0,0.4,0.4,0,0.2,0.366667,0.358333,0.275,0.133333,0.366667,0.5,0.333333,0.3,0.366667,8001
139,0.35,0.48,0.36,0.396667,180,54,0,0.4,0.4,0.2,0,0.418,0.46,0.42,0.2596,180,54,0,0.4,0.4,0,0.2,0.366667,0.358333,0.275,0.133333,0.366667,0.5,0.333333,0.3,0.366667,8101
138,0.35,0.48,0.36,0.396667,180,54,0,0.4,0.4,0.2,0,0.418,0.46,0.42,0.2596,180,54,0,0.4,0.4,0,0.2,0.366667,0.358333,0.275,0.133333,0.366667,0.5,0.333333,0.3,0.366667,8201
138,0.35,0.48,0.36,0.396667,180,54,0,0.4,0.4,0.2,0,0.418,0.46,0.42,0.2596,180,54,0,0.4,0.4,0,0.2,0.366667,0.358333,0.275,0.133333,0.366667,0.5,0.333333,0.3,0.366667,8301
137,0.35,0.48,0.36,0.396667,180,54,0,0.4,0.4,0.2,0,0.418,0.46,0.42,0.2596,180,54,0,0.4,0.4,0,0.2,0.366667,0.358333,0.275,0.133333,0.366667,0.5,0.333333,0.3,0.366667,8401
137,0.35,0.48,0.36,0.396667,180,54,0,0.4,0.4,0.2,0,0.418,0.46,0.42,0.2596,180,54,0,0.4,0.4,0,0.2,0.366667,0.358333,0.275,0.133333,0.366667,0.5,0.333333,0.3,0.366667,8501
136,0.35,0.48,0.36,0.396667,180,54,0,0.4,0.4,0.2,0,0.418,0.46,0.42,0.2596,180,54,0,0.4,0.4,0,0.2,0.366667,0.358333,0.275,0.133333,0.366667,0.5,0.333333,0.3,0.366667,8601
136,0.35,0.48,0.36,0.396667,180,54,0,0.4,0.4,0.2,0,0.418,0.46,0.42,0.2596,180,54,0,0.4,0.4,0,0.2,0.366667,0.358333,0.275,0.133333,0.366667,0.5,0.333333,0.3,0.366667,8701
135,0.35,0.48,0.36,0.396667,180,54,0,0.4,0.4,0.2,0,0.418,0.46,0.42,0.2596,180,54,0,0.4,0.4,0,0.2,0.366667,0.358333,0.275,0.133333,0.366667,0.5,0.333333,0.3,0.366667,8801
135,0.35,0.48,0.36,0.396667,180,54,0,0.4,0.4,0.2,0,0.418,0.46,0.42,0.2596,180,54,0,0.4,0.4,0,0.2,0.366667,0.358333,0.275,0.133333,0.366667,0.5,0.333333,0.3,0.366667,8901
135,0.35,0.48,0.36,0.396667,180,54,0,0.4,0.4,0.2,0,0.418,0.46,0.42,0.2596,180,54,0,0.4,0.4,0,0.2,0.366667,0.358333,0.275,0.133333,0.366667,0.5,0.333333,0.3,0.366667,9001
134,0.35,0.48,0.36,0.396667,180,54,0,0.4,0.4,0.2,0,0.418,0.46,0.42,0.2596,180,54,0,0.4,0.4,0,0.2,0.366667,0.358333,0.275,0.133333,0.366667,0.5,0.333333,0.3,0.366667,9101
134,0.35,0.48,0.36,0.396667,180,54,0,0.4,0.4,0.2,0,0.418,0.46,0.42,0.2596,180,54,0,0.4,0.4,0,0.2,0.366667,0.358333,0.275,0.133333,0.366667,0.5,0.333333,0.3,0.366667,9201
133,0.35,0.48,0.36,0.396667,180,54,0,0.4,0.4,0.2,0,0.418,0.46,0.42,0.2596,180,54,0,0.4,0.4,0,0.2,0.366667,0.358333,0.275,0.133333,0.366667,0.5,0.333333,0.3,0.366667,9301
133,0.35,0.48,0.36,0.396667,180,54,0,0.4,0.4,0.2,0,0.418,0.46,0.42,0.2596,180,54,0,0.4,0.4,0,0.2,0.366667,0.358333,0.275,0.133333,0.366667,0.5,0.333333,0.3,0.366667,9401
132,0.35,0.48,0.36,0.396667,180,54,0,0.4,0.4,0.2,0,0.418,0.46,0.42,0.2596,180,54,0,0.4,0.4,0,0.2,0.366667,0.358333,0.275,0.133333,0.366667,0.5,0.333333,0.3,0.366667,9501
132,0.35,0.48,0.36,0.396667,180,54,0,0.4,0.4,0.2,0,0.418,0.46,0.42,0.2596,180,54,0,0.4,0.4,0,0.2,0.366667,0.358333,0.275,0.133333,0.366667,0.5,0.333333,0.3,0.366667,9601
131,0.35,0.48,0.36,0.396667,180,54,0,0.4,0.4,0.2,0,0.418,0.46,0.42,0.2596,180,54,0,0.4,0.4,0,0.2,0.366667,0.358333,0.275,0.133333,0.366667,0.5,0.333333,0.3,0.366667,9701
131,0.35,0.48,0.36,0.396667,180,54,0,0.4,0.4,0.2,0,0.418,0.46,0.42,0.2596,180,54,0,0.4,0.4,0,0.2,0.366667,0.358333,0.275,0.133333,0.366667,0.5,0.333333,0.3,0.366667,9801
131,0.35,0.48,0.36,0.396667,180,54,0,0.4,0.4,0.2,0,0.418,0.46,0.42,0.2596,180,54,0,0.4,0.4,0,0.2,0.366667,0.358333,0.275,0.133333,0.366667,0.5,0.333333,0.3,0.366667,9901
130,0.35,0.48,0.36,0.396667,180,54,0,0.4,0.4,0.2,0,0.418,0.46,0.42,0.2596,180,54,0,0.4,0.4,0,0.2,0.366667,0.358333,0.275,0.133333,0.366667,0.5,0.333333,0.3,0.366667,10001
130,0.35,0.48,0.36,0.396667,180,54,0,0.4,0.4,0.2,0,0.418,0.46,0.42,0.2596,180,54,0,0.4,0.4,0,0.2,0.366667,0.358333,0.275,0.133333,0.366667,0.5,0.333333,0.3,0.366667,10101
129,0.35,0.48,0.36,0.396667,180,54,0,0.4,0.4,0.2,0,0.418,0.46,0.42,0.2596,180,54,0,0.4,0.4,0,0.2,0.366667,0.358333,0.275,0.133333,0.366667,0.5,0.333333,0.3,0.366667,10201
129,0.35,0.48,0.36,0.396667,180,54,0,0.4,0.4,0.2,0,0.418,0.46,0.42,0.2596,180,54,0,0.4,0.4,0,0.2,0.366667,0.358333,0.275,0.133333,0.366667,0.5,0.333333,0.3,0.366667,10301
129,0.35,0.48,0.36,0.396667,180,54,0,0.4,0.4,0.2,0,0.418,0.46,0.42,0.2596,180,54,0,0.4,0.4,0,0.2,0.366667,0.358333,0.275,0.133333,0.366667,0.5,0.333333,0.3,0.366667,10401
128,0.35,0.48,0.36,0.396667,180,54,0,0.4,0.4,0.2,0,0.418,0.46,0.42,0.2596,180,54,0,0.4,0.4,0,0.2,0.366667,0.358333,0.275,0.133333,0.366667,0.5,0.333333,0.3,0.366667,10501
128,0.35,0.48,0.36,0.396667,180,54,0,0.4,0.4,0.2,0,0.418,0.46,0.42,0.2596,180,54,0,0.4,0.4,0,0.2,0.366667,0.358333,0.275,0.133333,0.366667,0.5,0.333333,0.3,0.366667,10601
127,0.35,0.48,0.36,0.396667,180,54,0,0.4,0.4,0.2,0,0.418,0.46,0.42,0.2596,180,54,0,0.4,0.4,0,0.2,0.366667,0.358333,0.275,0.133333,0.366667,0.5,0.333333,0.3,0.366667,10701
127,0.35,0.48,0.36,0.396667,180,54,0,0.4,0.4,0.2,0,0.418,0.46,0.42,0.2596,180,54,0,0.4,0.4,0,0.2,0.366667,0.358333,0.275,0.133333,0.366667,0.5,0.333333,0.3,0.366667,10801
127,0.35,0.48,0.36,0.396667,180,54,0,0.4,0.4,0.2,0,0.418,0.46,0.42,0.2596,180,54,0,0.4,0.4,0,0.2,0.366667,0.358333,0.275,0.133333,0.366667,0.5,0.333333,0.3,0.366667,10901
126,0.35,0.48,0.36,0.396667,180,54,0,0.4,0.4,0.2,0,0.418,0.46,0.42,0.2596,180,54,0,0.4,0.4,0,0.2,0.366667,0.358333,0.275,0.133333,0.366667,0.5,0.333333,0.3,0.366667,11001
126,0.35,0.48,0.36,0.396667,180,54,0,0.4,0.4,0.2,0,0.418,0.46,0.42,0.2596,180,54,0,0.4,0.4,0,0.2,0.366667,0.358333,0.275,0.133333,0.366667,0.5,0.333333,0.3,0.366667,11101
126,0.35,0.48,0.36,0.396667,180,54,0,0.4,0.4,0.2,0,0.418,0.46,0.42,0.2596,180,54,0,0.4,0.4,0,0.2,0.366667,0.358333,0.275,0.133333,0.366667,0.5,0.333333,0.3,0.366667,11201
125,0.35,0.48,0.36,0.396667,180,54,0,0.4,0.4,0.2,0,0.418,0.46,0.42,0.2596,180,54,0,0.4,0.4,0,0.2,0.366667,0.358333,0.275,0.133333,0.366667,0.5,0.333333,0.3,0.366667,11301
125,0.35,0.48,0.36,0.396667,180,54,0,0.4,0.4,0.2,0,0.418,0.46,0.42,0.2596,180,54,0,0.4,0.4,0,0.2,0.366667,0.358333,0.275,0.133333,0.366667,0.5,0.333333,0.3,0.366667,11401
124,0.35,0.48,0.36,0.396667,180,54,0,0.4,0.4,0.2,0,0.418,0.46,0.42,0.2596,180,54,0,0.4,0.4,0,0.2,0.366667,0.358333,0.275,0.133333,0.366667,0.5,0.333333,0.3,0.366667,11501
124,0.35,0.48,0.36,0.396667,180,54,0,0.4,0.4,0.2,0,0.418,0.46,0.42,0.2596,180,54,0,0.4,0.4,0,0.2,0.366667,0.358333,0.275,0.133333,0.366667,0.5,0.333333,0.3,0.366667,11601
124,0.35,0.48,0.36,0.396667,180,54,0,0.4,0.4,0.2,0,0.418,0.46,0.42,0.2596,180,54,0,0.4,0.4,0,0.2,0.366667,0.358333,0.275,0.133333,0.366667,0.5,0.333333,0.3,0.366667,11701
123,0.35,0.48,0.36,0.396667,180,54,0,0.4,0.4,0.2,0,0.418,0.46,0.42,0.2596,180,54,0,0.4,0.4,0,0.2,0.366667,0.358333,0.275,0.133333,0.366667,0.5,0.333333,0.3,0.366667,11801
123,0.35,0.48,0.36,0.396667,180,54,0,0.4,0.4,0.2,0,0.418,0.46,0.42,0.2596,180,54,0,0.4,0.4,0,0.2,0.366667,0.358333,0.275,0.133333,0.366667,0.5,0.333333,0.3,0.366667,11901
123,0.35,0.48,0.36,0.396667,180,54,0,0.4,0.4,0.2,0,0.418,0.46,0.42,0.2596,180,54,0,0.4,0.4,0,0.2,0.366667,0.358333,0.275,0.133333,0.366667,0.5,0.333333,0.3,0.366667,12001
122,0.35,0.48,0.36,0.396667,180,54,0,0.4,0.4,0.2,0,0.418,0.46,0.42,0.2596,180,54,0,0.4,0.4,0,0.2,0.366667,0.358333,0.275,0.133333,0.366667,0.5,0.333333,0.3,0.366667,12101
122,0.35,0.48,0.36,0.396667,180,54,0,0.4,0.4,0.2,0,0.418,0.46,0.42,0.2596,180,54,0,0.4,0.4,0,0.2,0.366667,0.358333,0.275,0.133333,0.366667,0.5,0.333333,0.3,0.366667,12201
122,0.35,0.48,0.36,0.396667,180,54,0,0.4,0.4,0.2,0,0.418,0.46,0.42,0.2596,180,54,0,0.4,0.4,0,0.2,0.366667,0.358333,0.275,0.133333,0.366667,0.5,0.333333,0.3,0.366667,12301
121,0.35,0.48,0.36,0.396667,180,54,0,0.4,0.4,0.2,0,0.418,0.46,0.42,0.2596,180,54,0,0.4,0.4,0,0.2,0.366667,0.358333,0.275,0.133333,0.366667,0.5,0.333333,0.3,0.366667,12401
121,0.35,0.48,0.36,0.396667,180,54,0,0.4,0.4,0.2,0,0.418,0.46,0.42,0.2596,180,54,0,0.4,0.4,0,0.2,0.366667,0.358333,0.275,0.133333,0.366667,0.5,0.333333,0.3,0.366667,12501
121,0.35,0.48,0.36,0.396667,180,54,0,0.4,0.4,0.2,0,0.418,0.46,0.42,0.2596,180,54,0,0.4,0.4,0,0.2,0.366667,0.358333,0.275,0.133333,0.366667,0.5,0.333333,0.3,0.366667,12601
120,0.35,0.48,0.36,0.396667,180,54,0,0.4,0.4,0.2,0,0.418,0.46,0.42,0.2596,180,54,0,0.4,0.4,0,0.2,0.366667,0.358333,0.275,0.133333,0.366667,0.5,0.333333,0.3,0.366667,12701
120,0.35,0.48,0.36,0.396667,180,54,0,0.4,0.4,0.2,0,0.418,0.46,0.42,0.2596,180,54,0,0.4,0.4,0,0.2,0.366667,0.358333,0.275,0.133333,0.366667,0.5,0.333333,0.3,0.366667,12801
120,0.35,0.48,0.36,0.396667,180,54,0,0.4,0.4,0.2,0,0.418,0.46,0.42,0.2596,180,54,0,0.4,0.4,0,0.2,0.366667,0.358333,0.275,0.133333,0.366667,0.5,0.333333,0.3,0.366667,12901
119,0.35,0.48,0.36,0.396667,180,54,0,0.4,0.4,0.2,0,0.418,0.46,0.42,0.2596,180,54,0,0.4,0.4,0,0.2,0.366667,0.358333,0.275,0.133333,0.366667,0.5,0.333333,0.3,0.366667,13001
119,0.35,0.48,0.36,0.396667,180,54,0,0.4,0.4,0.2,0,0.418,0.46,0.42,0.2596,180,54,0,0.4,0.4,0,0.2,0.366667,0.358333,0.275,0.133333,0.366667,0.5,0.333333,0.3,0.366667,13101
119,0.35,0.48,0.36,0.396667,180,54,0,0.4,0.4,0.2,0,0.418,0.46,0.42,0.2596,180,54,0,0.4,0.4,0,0.2,0.366667,0.358333,0.275,0.133333,0.366667,0.5,0.333333,0.3,0.366667,13201
118,0.35,0.48,0.36,0.396667,180,54,0,0.4,0.4,0.2,0,0.418,0.46,0.42,0.2596,180,54,0,0.4,0.4,0,0.2,0.366667,0.358333,0.275,0.133333,0.366667,0.5,0.333333,0.3,0.366667,13301
118,0.35,0.48,0.36,0.396667,180,54,0,0.4,0.4,0.2,0,0.418,0.46,0.42,0.2596,180,54,0,0.4,0.4,0,0.2,0.366667,0.358333,0.275,0.133333,0.366667,0.5,0.333333,0.3,0.366667,13401
118,0.35,0.48,0.36,0.396667,180,54,0,0.4,0.4,0.2,0,0.418,0.46,0.42,0.2596,180,54,0,0.4,0.4,0,0.2,0.366667,0.358333,0.275,0.133333,0.366667,0.5,0.333333,0.3,0.366667,13501
117,0.35,0.48,0.36,0.396667,180,54,0,0.4,0.4,0.2,0,0.418,0.46,0.42,0.2596,180,54,0,0.4,0.4,0,0.2,0.366667,0.358333,0.275,0.133333,0.366667,0.5,0.333333,0.3,0.366667,13601
117,0.35,0.48,0.36,0.396667,180,54,0,0.4,0.4,0.2,0,0.418,0.46,0.42,0.2596,180,54,0,0.4,0.4,0,0.2,0.366667,0.358333,0.275,0.133333,0.366667,0.5,0.333333,0.3,0.366667,13701
117,0.35,0.48,0.36,0.396667,180,54,0,0.4,0.4,0.2,0,0.418,0.46,0.42,0.2596,180,54,0,0.4,0.4,0,0.2,0.366667,0.358333,0.275,0.133333,0.366667,0.5,0.333333,0.3,0.366667,13801
116,0.35,0.48,0.36,0.396667,180,54,0,0.4,0.4,0.2,0,0.418,0.46,0.42,0.2596,180,54,0,0.4,0.4,0,0.2,0.366667,0.358333,0.275,0.133333,0.366667,0.5,0.333333,0.3,0.366667,13901
116,0.35,0.48,0.36,0.396667,180,54,0,0.4,0.4,0.2,0,0.418,0.46,0.42,0.2596,180,54,0,0.4,0.4,0,0.2,0.366667,0.358333,0.275,0.133333,0.366667,0.5,0.333333,0.3,0.366667,14001
116,0.35,0.48,0.36,0.396667,180,54,0,0.4,0.4,0.2,0,0.418,0.46,0.42,0.2596,180,54,0,0.4,0.4,0,0.2,0.366667,0.358333,0.275,0.133333,0.366667,0.5,0.333333,0.3,0.366667,14101
115,0.35,0.48,0.36,0.396667,180,54,0,0.4,0.4,0.2,0,0.418,0.46,0.42,0.2596,180,54,0,0.4,0.4,0,0.2,0.366667,0.358333,0.275,0.133333,0.366667,0.5,0.333333,0.3,0.366667,14201
115,0.35,0.48,0.36,0.396667,180,54,0,0.4,0.4,0.2,0,0.418,0.46,0.42,0.2596,180,54,0,0.4,0.4,0,0.2,0.366667,0.358333,0.275,0.133333,0.366667,0.5,0.333333,0.3,0.366667,14301
115,0.35,0.48,0.36,0.396667,180,54,0,0.4,0.4,0.2,0,0.418,0.46,0.42,0.2596,180,54,0,0.4,0.4,0,0.2,0.366667,0.358333,0.275,0.133333,0.366667,0.5,0.333333,0.3,0.366667,14401
115,0.35,0.48,0.36,0.396667,180,54,0,0.4,0.4,0.2,0,0.418,0.46,0.42,0.2596,180,54,0,0.4,0.4,0,0.2,0.366667,0.358333,0.275,0.133333,0.366667,0.5,0.333333,0.3,0.366667,14501
114,0.35,0.48,0.36,0.396667,180,54,0,0.4,0.4,0.2,0,0.418,0.46,0.42,0.2596,180,54,0,0.4,0.4,0,0.2,0.366667,0.358333,0.275,0.133333,0.366667,0.5,0.333333,0.3,0.366667,14601
114,0.35,0.48,0.36,0.396667,180,54,0,0.4,0.4,0.2,0,0.418,0.46,0.42,0.2596,180,54,0,0.4,0.4,0,0.2,0.366667,0.358333,0.275,0.133333,0.366667,0.5,0.333333,0.3,0.366667,14701
114,0.35,0.48,0.36,0.396667,180,54,0,0.4,0.4,0.2,0,0.418,0.46,0.42,0.2596,180,54,0,0.4,0.4,0,0.2,0.366667,0.358333,0.275,0.133333,0.366667,0.5,0.333333,0.3,0.366667,14801
113,0.35,0.48,0.36,0.396667,180,54,0,0.4,0.4,0.2,0,0.418,0.46,0.42,0.2596,180,54,0,0.4,0.4,0,0.2,0.366667,0.358333,0.275,0.133333,0.366667,0.5,0.333333,0.3,0.366667,14901
113,0.35,0.48,0.36,0.396667,180,54,0,0.4,0.4,0.2,0,0.418,0.46,0.42,0.2596,180,54,0,0.4,0.4,0,0.2,0.366667,0.358333,0.275,0.133333,0.366667,0.5,0.333333,0.3,0.366667,15001
113,0.35,0.48,0.36,0.396667,180,54,0,0.4,0.4,0.2,0,0.418,0.46,0.42,0.2596,180,54,0,0.4,0.4,0,0.2,0.366667,0.358333,0.275,0.133333,0.366667,0.5,0.333333,0.3,0.366667,15101
113,0.35,0.48,0.36,0.396667,180,54,0,0.4,0.4,0.2,0,0.418,0.46,0.42,0.2596,180,54,0,0.4,0.4,0,0.2,0.366667,0.358333,0.275,0.133333,0.366667,0.5,0.333333,0.3,0.366667,15201
112,0.35,0.48,0.36,0.396667,180,54,0,0.4,0.4,0.2,0,0.418,0.46,0.42,0.2596,180,54,0,0.4,0.4,0,0.2,0.366667,0.358333,0.275,0.133333,0.366667,0.5,0.333333,0.3,0.366667,15301
112,0.35,0.48,0.36,0.396667,180,54,0,0.4,0.4,0.2,0,0.418,0.46,0.42,0.2596,180,54,0,0.4,0.4,0,0.2,0.366667,0.358333,0.275,0.133333,0.366667,0.5,0.333333,0.3,0.366667,15401
112,0.35,0.48,0.36,0.396667,180,54,0,0.4,0.4,0.2,0,0.418,0.46,0.42,0.2596,180,54,0,0.4,0.4,0,0.2,0.366667,0.358333,0.275,0.133333,0.366667,0.5,0.333333,0.3,0.366667,15501
111,0.35,0.48,0.36,0.396667,180,54,0,0.4,0.4,0.2,0,0.418,0.46,0.42,0.2596,180,54,0,0.4,0.4,0,0.2,0.366667,0.358333,0.275,0.133333,0.366667,0.5,0.333333,0.3,0.366667,15601
111,0.35,0.48,0.36,0.396667,180,54,0,0.4,0.4,0.2,0,0.418,0.46,0.42,0.2596,180,54,0,0.4,0.4,0,0.2,0.366667,0.358333,0.275,0.133333,0.366667,0.5,0.333333,0.3,0.366667,15701
111,0.35,0.48,0.36,0.396667,180,54,0,0.4,0.4,0.2,0,0.418,0.46,0.42,0.2596,180,54,0,0.4,0.4,0,0.2,0.366667,0.358333,0.275,0.133333,0.366667,0.5,0.333333,0.3,0.366667,15801
110,0.35,0.48,0.36,0.396667,180,54,0,0.4,0.4,0.2,0,0.418,0.46,0.42,0.2596,180,54,0,0.4,0.4,0,0.2,0.366667,0.358333,0.275,0.133333,0.366667,0.5,0.333333,0.3,0.366667,15901
110,0.35,0.48,0.36,0.396667,180,54,0,0.4,0.4,0.2,0,0.418,0.46,0.42,0.2596,180,54,0,0.4,0.4,0,0.2,0.366667,0.358333,0.275,0.133333,0.366667,0.5,0.333333,0.3,0.366667,16001
110,0.35,0.48,0.36,0.396667,180,54,0,0.4,0.4,0.2,0,0.418,0.46,0.42,0.2596,180,54,0,0.4,0.4,0,0.2,0.366667,0.358333,0.275,0.133333,0.366667,0.5,0.333333,0.3,0.366667,16101
110,0.35,0.48,0.36,0.396667,180,54,0,0.4,0.4,0.2,0,0.418,0.46,0.42,0.2596,180,54,0,0.4,0.4,0,0.2,0.366667,0.358333,0.275,0.133333,0.366667,0.5,0.333333,0.3,0.366667,16201
109,0.35,0.48,0.36,0.396667,180,54,0,0.4,0.4,0.2,0,0.418,0.46,0.42,0.2596,180,54,0,0.4,0.4,0,0.2,0.366667,0.358333,0.275,0.133333,0.366667,0.5,0.333333,0.3,0.366667,16301
109,0.35,0.48,0.36,0.396667,180,54,0,0.4,0.4,0.2,0,0.418,0.46,0.42,0.2596,180,54,0,0.4,0.4,0,0.2,0.366667,0.358333,0.275,0.133333,0.366667,0.5,0.333333,0.3,0.366667,16401
109,0.35,0.48,0.36,0.396667,180,54,0,0.4,0.4,0.2,0,0.418,0.46,0.42,0.2596,180,54,0,0.4,0.4,0,0.2,0.366667,0.358333,0.275,0.133333,0.366667,0.5,0.333333,0.3,0.366667,16501
109,0.35,0.48,0.36,0.396667,180,54,0,0.4,0.4,0.2,0,0.418,0.46,0.42,0.2596,180,54,0,0.4,0.4,0,0.2,0.366667,0.358333,0.275,0.133333,0.366667,0.5,0.333333,0.3,0.366667,16601
108,0.35,0.48,0.36,0.396667,180,54,0,0.4,0.4,0.2,0,0.418,0.46,0.42,0.2596,180,54,0,0.4,0.4,0,0.2,0.366667,0.358333,0.275,0.133333,0.366667,0.5,0.333333,0.3,0.366667,16701
108,0.35,0.48,0.36,0.396667,180,54,0,0.4,0.4,0.2,0,0.418,0.46,0.42,0.2596,180,54,0,0.4,0.4,0,0.2,0.366667,0.358333,0.275,0.133333,0.366667,0.5,0.333333,0.3,0.366667,16801
108,0.35,0.48,0.36,0.396667,180,54,0,0.4,0.4,0.2,0,0.418,0.46,0.42,0.2596,180,54,0,0.4,0.4,0,0.2,0.366667,0.358333,0.275,0.133333,0.366667,0.5,0.333333,0.3,0.366667,16902
107,0.35,0.48,0.36,0.396667,180,54,0,0.4,0.4,0.2,0,0.418,0.46,0.42,0.2596,180,54,0,0.4,0.4,0,0.2,0.366667,0.358333,0.275,0.133333,0.366667,0.5,0.333333,0.3,0.366667,17001
107,0.35,0.48,0.36,0.396667,180,54,0,0.4,0.4,0.2,0,0.418,0.46,0.42,0.2596,180,54,0,0.4,0.4,0,0.2,0.366667,0.358333,0.275,0.133333,0.366667,0.5,0.333333,0.3,0.366667,17101
107,0.35,0.48,0.36,0.396667,180,54,0,0.4,0.4,0.2,0,0.418,0.46,0.42,0.2596,180,54,0,0.4,0.4,0,0.2,0.366667,0.358333,0.275,0.133333,0.366667,0.5,0.333333,0.3,0.366667,17201
107,0.35,0.48,0.36,0.396667,180,54,0,0.4,0.4,0.2,0,0.418,0.46,0.42,0.2596,180,54,0,0.4,0.4,0,0.2,0.366667,0.358333,0.275,0.133333,0.366667,0.5,0.333333,0.3,0.366667,17301
106,0.35,0.48,0.36,0.396667,180,54,0,0.4,0.4,0.2,0,0.418,0.46,0.42,0.2596,180,54,0,0.4,0.4,0,0.2,0.366667,0.358333,0.275,0.133333,0.366667,0.5,0.333333,0.3,0.366667,17401
106,0.35,0.48,0.36,0.396667,180,54,0,0.4,0.4,0.2,0,0.418,0.46,0.42,0.2596,180,54,0,0.4,0.4,0,0.2,0.366667,0.358333,0.275,0.133333,0.366667,0.5,0.333333,0.3,0.366667,17501
106,0.35,0.48,0.36,0.396667,180,54,0,0.4,0.4,0.2,0,0.418,0.46,0.42,0.2596,180,54,0,0.4,0.4,0,0.2,0.366667,0.358333,0.275,0.133333,0.366667,0.5,0.333333,0.3,0.366667,17601
105,0.35,0.48,0.36,0.396667,180,54,0,0.4,0.4,0.2,0,0.418,0.46,0.42,0.2596,180,54,0,0.4,0.4,0,0.2,0.366667,0.358333,0.275,0.133333,0.366667,0.5,0.333333,0.3,0.366667,17701
105,0.35,0.48,0.36,0.396667,180,54,0,0.4,0.4,0.2,0,0.418,0.46,0.42,0.2596,180,54,0,0.4,0.4,0,0.2,0.366667,0.358333,0.275,0.133333,0.366667,0.5,0.333333,0.3,0.366667,17801
105,0.35,0.48,0.36,0.396667,180,54,0,0.4,0.4,0.2,0,0.418,0.46,0.42,0.2596,180,54,0,0.4,0.4,0,0.2,0.366667,0.358333,0.275,0.133333,0.366667,0.5,0.333333,0.3,0.366667,17901
105,0.35,0.48,0.36,0.396667,180,54,0,0.4,0.4,0.2,0,0.418,0.46,0.42,0.2596,180,54,0,0.4,0.4,0,0.2,0.366667,0.358333,0.275,0.133333,0.366667,0.5,0.333333,0.3,0.366667,18001
104,0.35,0.48,0.36,0.396667,180,54,0,0.4,0.4,0.2,0,0.418,0.46,0.42,0.2596,180,54,0,0.4,0.4,0,0.2,0.366667,0.358333,0.275,0.133333,0.366667,0.5,0.333333,0.3,0.366667,18101
104,0.35,0.48,0.36,0.396667,180,54,0,0.4,0.4,0.2,0,0.418,0.46,0.42,0.2596,180,54,0,0.4,0.4,0,0.2,0.366667,0.358333,0.275,0.133333,0.366667,0.5,0.333333,0.3,0.366667,18201
104,0.35,0.48,0.36,0.396667,180,54,0,0.4,0.4,0.2,0,0.418,0.46,0.42,0.2596,180,54,0,0.4,0.4,0,0.2,0.366667,0.358333,0.275,0.133333,0.366667,0.5,0.333333,0.3,0.366667,18301
104,0.35,0.48,0.36,0.396667,180,54,0,0.4,0.4,0.2,0,0.418,0.46,0.42,0.2596,180,54,0,0.4,0.4,0,0.2,0.366667,0.358333,0.275,0.133333,0.366667,0.5,0.333333,0.3,0.366667,18401
103,0.35,0.48,0.36,0.396667,180,54,0,0.4,0.4,0.2,0,0.418,0.46,0.42,0.2596,180,54,0,0.4,0.4,0,0.2,0.366667,0.358333,0.275,0.133333,0.366667,0.5,0.333333,0.3,0.366667,18501
103,0.35,0.48,0.36,0.396667,180,54,0,0.4,0.4,0.2,0,0.418,0.46,0.42,0.2596,180,54,0,0.4,0.4,0,0.2,0.366667,0.358333,0.275,0.133333,0.366667,0.5,0.333333,0.3,0.366667,18601
103,0.35,0.48,0.36,0.396667,180,54,0,0.4,0.4,0.2,0,0.418,0.46,0.42,0.2596,180,54,0,0.4,0.4,0,0.2,0.366667,0.358333,0.275,0.133333,0.366667,0.5,0.333333,0.3,0.366667,18701
102,0.35,0.48,0.36,0.396667,180,54,0,0.4,0.4,0.2,0,0.418,0.46,0.42,0.2596,180,54,0,0.4,0.4,0,0.2,0.366667,0.358333,0.275,0.133333,0.366667,0.5,0.333333,0.3,0.366667,18801
102,0.35,0.48,0.36,0.396667,180,54,0,0.4,0.4,0.2,0,0.418,0.46,0.42,0.2596,180,54,0,0.4,0.4,0,0.2,0.366667,0.358333,0.275,0.133333,0.366667,0.5,0.333333,0.3,0.366667,18901
102,0.35,0.48,0.36,0.396667,180,54,0,0.4,0.4,0.2,0,0.418,0.46,0.42,0.2596,180,54,0,0.4,0.4,0,0.2,0.366667,0.358333,0.275,0.133333,0.366667,0.5,0.333333,0.3,0.366667,19001
102,0.35,0.48,0.36,0.396667,180,54,0,0.4,0.4,0.2,0,0.418,0.46,0.42,0.2596,180,54,0,0.4,0.4,0,0.2,0.366667,0.358333,0.275,0.133333,0.366667,0.5,0.333333,0.3,0.366667,19101
101,0.35,0.48,0.36,0.396667,180,54,0,0.4,0.4,0.2,0,0.418,0.46,0.42,0.2596,180,54,0,0.4,0.4,0,0.2,0.366667,0.358333,0.275,0.133333,0.366667,0.5,0.333333,0.3,0.366667,19201
101,0.35,0.48,0.36,0.396667,180,54,0,0.4,0.4,0.2,0,0.418,0.46,0.42,0.2596,180,54,0,0.4,0.4,0,0.2,0.366667,0.358333,0.275,0.133333,0.366667,0.5,0.333333,0.3,0.366667,19301
101,0.35,0.48,0.36,0.396667,180,54,0,0.4,0.4,0.2,0,0.418,0.46,0.42,0.2596,180,54,0,0.4,0.4,0,0.2,0.366667,0.358333,0.275,0.133333,0.366667,0.5,0.333333,0.3,0.366667,19401
101,0.35,0.48,0.36,0.396667,180,54,0,0.4,0.4,0.2,0,0.418,0.46,0.42,0.2596,180,54,0,0.4,0.4,0,0.2,0.366667,0.358333,0.275,0.133333,0.366667,0.5,0.333333,0.3,0.366667,19501
101,0.35,0.48,0.36,0.396667,180,54,0,0.4,0.4,0.2,0,0.418,0.46,0.42,0.2596,180,54,0,0.4,0.4,0,0.2,0.366667,0.358333,0.275,0.133333,0.366667,0.5,0.333333,0.3,0.366667,19601
100,0.35,0.48,0.36,0.396667,180,54,0,0.4,0.4,0.2,0,0.418,0.46,0.42,0.2596,180,54,0,0.4,0.4,0,0.2,0.366667,0.358333,0.275,0.133333,0.366667,0.5,0.333333,0.3,0.366667,19701
100,0.35,0.48,0.36,0.396667,180,54,0,0.4,0.4,0.2,0,0.418,0.46,0.42,0.2596,180,54,0,0.4,0.4,0,0.2,0.366667,0.358333,0.275,0.133333,0.366667,0.5,0.333333,0.3,0.366667,19801
100,0.35,0.48,0.36,0.396667,180,54,0,0.4,0.4,0.2,0,0.418,0.46,0.42,0.2596,180,54,0,0.4,0.4,0,0.2,0.366667,0.358333,0.275,0.133333,0.366667,0.5,0.333333,0.3,0.366667,19901
99,0.35,0.48,0.36,0.396667,180,54,0,0.4,0.4,0.2,0,0.418,0.46,0.42,0.2596,180,54,0,0.4,0.4,0,0.2,0.366667,0.358333,0.275,0.133333,0.366667,0.5,0.333333,0.3,0.366667,20001
99,0.35,0.48,0.36,0.396667,180,54,0,0.4,0.4,0.2,0,0.418,0.46,0.42,0.2596,180,54,0,0.4,0.4,0,0.2,0.366667,0.358333,0.275,0.133333,0.366667,0.5,0.333333,0.3,0.366667,20101
99,0.35,0.48,0.36,0.396667,180,54,0,0.4,0.4,0.2,0,0.418,0.46,0.42,0.2596,180,54,0,0.4,0.4,0,0.2,0.366667,0.358333,0.275,0.133333,0.366667,0.5,0.333333,0.3,0.366667,20201
99,0.35,0.48,0.36,0.396667,180,54,0,0.4,0.4,0.2,0,0.418,0.46,0.42,0.2596,180,54,0,0.4,0.4,0,0.2,0.366667,0.358333,0.275,0.133333,0.366667,0.5,0.333333,0.3,0.366667,20301
98,0.35,0.48,0.36,0.396667,180,54,0,0.4,0.4,0.2,0,0.418,0.46,0.42,0.2596,180,54,0,0.4,0.4,0,0.2,0.366667,0.358333,0.275,0.133333,0.366667,0.5,0.333333,0.3,0.366667,20401
98,0.35,0.48,0.36,0.396667,180,54,0,0.4,0.4,0.2,0,0.418,0.46,0.42,0.2596,180,54,0,0.4,0.4,0,0.2,0.366667,0.358333,0.275,0.133333,0.366667,0.5,0.333333,0.3,0.366667,20501
98,0.35,0.48,0.36,0.396667,180,54,0,0.4,0.4,0.2,0,0.418,0.46,0.42,0.2596,180,54,0,0.4,0.4,0,0.2,0.366667,0.358333,0.275,0.133333,0.366667,0.5,0.333333,0.3,0.366667,20601
98,0.35,0.48,0.36,0.396667,180,54,0,0.4,0.4,0.2,0,0.418,0.46,0.42,0.2596,180,54,0,0.4,0.4,0,0.2,0.366667,0.358333,0.275,0.133333,0.366667,0.5,0.333333,0.3,0.366667,20701
98,0.35,0.48,0.36,0.396667,180,54,0,0.4,0.4,0.2,0,0.418,0.46,0.42,0.2596,180,54,0,0.4,0.4,0,0.2,0.366667,0.358333,0.275,0.133333,0.366667,0.5,0.333333,0.3,0.366667,20801
97,0.35,0.48,0.36,0.396667,180,54,0,0.4,0.4,0.2,0,0.418,0.46,0.42,0.2596,180,54,0,0.4,0.4,0,0.2,0.366667,0.358333,0.275,0.133333,0.366667,0.5,0.333333,0.3,0.366667,20901
97,0.35,0.48,0.36,0.396667,180,54,0,0.4,0.4,0.2,0,0.418,0.46,0.42,0.2596,180,54,0,0.4,0.4,0,0.2,0.366667,0.358333,0.275,0.133333,0.366667,0.5,0.333333,0.3,0.366667,21001
97,0.35,0.48,0.36,0.396667,180,54,0,0.4,0.4,0.2,0,0.418,0.46,0.42,0.2596,180,54,0,0.4,0.4,0,0.2,0.366667,0.358333,0.275,0.133333,0.366667,0.5,0.333333,0.3,0.366667,21101
97,0.35,0.48,0.36,0.396667,180,54,0,0.4,0.4,0.2,0,0.418,0.46,0.42,0.2596,180,54,0,0.4,0.4,0,0.2,0.366667,0.358333,0.275,0.133333,0.366667,0.5,0.333333,0.3,0.366667,21201
96,0.35,0.48,0.36,0.396667,180,54,0,0.4,0.4,0.2,0,0.418,0.46,0.42,0.2596,180,54,0,0.4,0.4,0,0.2,0.366667,0.358333,0.275,0.133333,0.366667,0.5,0.333333,0.3,0.366667,21301
96,0.35,0.48,0.36,0.396667,180,54,0,0.4,0.4,0.2,0,0.418,0.46,0.42,0.2596,180,54,0,0.4,0.4,0,0.2,0.366667,0.358333,0.275,0.133333,0.366667,0.5,0.333333,0.3,0.366667,21401
96,0.35,0.48,0.36,0.396667,180,54,0,0.4,0.4,0.2,0,0.418,0.46,0.42,0.2596,180,54,0,0.4,0.4,0,0.2,0.366667,0.358333,0.275,0.133333,0.366667,0.5,0.333333,0.3,0.366667,21501
96,0.35,0.48,0.36,0.396667,180,54,0,0.4,0.4,0.2,0,0.418,0.46,0.42,0.2596,180,54,0,0.4,0.4,0,0.2,0.366667,0.358333,0.275,0.133333,0.366667,0.5,0.333333,0.3,0.366667,21601
95,0.35,0.48,0.36,0.396667,180,54,0,0.4,0.4,0.2,0,0.418,0.46,0.42,0.2596,180,54,0,0.4,0.4,0,0.2,0.366667,0.358333,0.275,0.133333,0.366667,0.5,0.333333,0.3,0.366667,21701
95,0.35,0.48,0.36,0.396667,180,54,0,0.4,0.4,0.2,0,0.418,0.46,0.42,0.2596,180,54,0,0.4,0.4,0,0.2,0.366667,0.358333,0.275,0.133333,0.366667,0.5,0.333333,0.3,0.366667,21801
95,0.35,0.48,0.36,0.396667,180,54,0,0.4,0.4,0.2,0,0.418,0.46,0.42,0.2596,180,54,0,0.4,0.4,0,0.2,0.366667,0.358333,0.275,0.133333,0.366667,0.5,0.333333,0.3,0.366667,21901
95,0.35,0.48,0.36,0.396667,180,54,0,0.4,0.4,0.2,0,0.418,0.46,0.42,0.2596,180,54,0,0.4,0.4,0,0.2,0.366667,0.358333,0.275,0.133333,0.366667,0.5,0.333333,0.3,0.366667,22001
94,0.35,0.48,0.36,0.396667,180,54,0,0.4,0.4,0.2,0,0.418,0.46,0.42,0.2596,180,54,0,0.4,0.4,0,0.2,0.366667,0.358333,0.275,0.133333,0.366667,0.5,0.333333,0.3,0.366667,22101
94,0.35,0.48,0.36,0.396667,180,54,0,0.4,0.4,0.2,0,0.418,0.46,0.42,0.2596,180,54,0,0.4,0.4,0,0.2,0.366667,0.358333,0.275,0.133333,0.366667,0.5,0.333333,0.3,0.366667,22201
94,0.35,0.48,0.36,0.396667,180,54,0,0.4,0.4,0.2,0,0.418,0.46,0.42,0.2596,180,54,0,0.4,0.4,0,0.2,0.366667,0.358333,0.275,0.133333,0.366667,0.5,0.333333,0.3,0.366667,22301
94,0.35,0.48,0.36,0.396667,180,54,0,0.4,0.4,0.2,0,0.418,0.46,0.42,0.2596,180,54,0,0.4,0.4,0,0.2,0.366667,0.358333,0.275,0.133333,0.366667,0.5,0.333333,0.3,0.366667,22401
94,0.35,0.48,0.36,0.396667,180,54,0,0.4,0.4,0.2,0,0.418,0.46,0.42,0.2596,180,54,0,0.4,0.4,0,0.2,0.366667,0.358333,0.275,0.133333,0.366667,0.5,0.333333,0.3,0.366667,22501
93,0.35,0.48,0.36,0.396667,180,54,0,0.4,0.4,0.2,0,0.418,0.46,0.42,0.2596,180,54,0,0.4,0.4,0,0.2,0.366667,0.358333,0.275,0.133333,0.366667,0.5,0.333333,0.3,0.366667,22601
93,0.35,0.48,0.36,0.396667,180,54,0,0.4,0.4,0.2,0,0.418,0.46,0.42,0.2596,180,54,0,0.4,0.4,0,0.2,0.366667,0.358333,0.275,0.133333,0.366667,0.5,0.333333,0.3,0.366667,22701
93,0.35,0.48,0.36,0.396667,180,54,0,0.4,0.4,0.2,0,0.418,0.46,0.42,0.2596,180,54,0,0.4,0.4,0,0.2,0.366667,0.358333,0.275,0.133333,0.366667,0.5,0.333333,0.3,0.366667,22801
93,0.35,0.48,0.36,0.396667,180,54,0,0.4,0.4,0.2,0,0.418,0.46,0.42,0.2596,180,54,0,0.4,0.4,0,0.2,0.366667,0.358333,0.275,0.133333,0.366667,0.5,0.333333,0.3,0.366667,22901
92,0.35,0.48,0.36,0.396667,180,54,0,0.4,0.4,0.2,0,0.418,0.46,0.42,0.2596,180,54,0,0.4,0.4,0,0.2,0.366667,0.358333,0.275,0.133333,0.366667,0.5,0.333333,0.3,0.366667,23001
92,0.35,0.48,0.36,0.396667,180,54,0,0.4,0.4,0.2,0,0.418,0.46,0.42,0.2596,180,54,0,0.4,0.4,0,0.2,0.366667,0.358333,0.275,0.133333,0.366667,0.5,0.333333,0.3,0.366667,23103
92,0.35,0.48,0.36,0.396667,180,54,0,0.4,0.4,0.2,0,0.418,0.46,0.42,0.2596,180,54,0,0.4,0.4,0,0.2,0.366667,0.358333,0.275,0.133333,0.366667,0.5,0.333333,0.3,0.366667,23202
92,0.35,0.48,0.36,0.396667,180,54,0,0.4,0.4,0.2,0,0.418,0.46,0.42,0.2596,180,54,0,0.4,0.4,0,0.2,0.366667,0.358333,0.275,0.133333,0.366667,0.5,0.333333,0.3,0.366667,23301
91,0.35,0.48,0.36,0.396667,180,54,0,0.4,0.4,0.2,0,0.418,0.46,0.42,0.2596,180,54,0,0.4,0.4,0,0.2,0.366667,0.358333,0.275,0.133333,0.366667,0.5,0.333333,0.3,0.366667,23401
91,0.35,0.48,0.36,0.396667,180,54,0,0.4,0.4,0.2,0,0.418,0.46,0.42,0.2596,180,54,0,0.4,0.4,0,0.2,0.366667,0.358333,0.275,0.133333,0.366667,0.5,0.333333,0.3,0.366667,23501
91,0.35,0.48,0.36,0.396667,180,54,0,0.4,0.4,0.2,0,0.418,0.46,0.42,0.2596,180,54,0,0.4,0.4,0,0.2,0.366667,0.358333,0.275,0.133333,0.366667,0.5,0.333333,0.3,0.366667,23601
91,0.35,0.48,0.36,0.396667,180,54,0,0.4,0.4,0.2,0,0.418,0.46,0.42,0.2596,180,54,0,0.4,0.4,0,0.2,0.366667,0.358333,0.275,0.133333,0.366667,0.5,0.333333,0.3,0.366667,23701
90,0.35,0.48,0.36,0.396667,180,54,0,0.4,0.4,0.2,0,0.418,0.46,0.42,0.2596,180,54,0,0.4,0.4,0,0.2,0.366667,0.358333,0.275,0.133333,0.366667,0.5,0.333333,0.3,0.366667,23801
90,0.35,0.48,0.36,0.396667,180,54,0,0.4,0.4,0.2,0,0.418,0.46,0.42,0.2596,180,54,0,0.4,0.4,0,0.2,0.366667,0.358333,0.275,0.133333,0.366667,0.5,0.333333,0.3,0.366667,23901
90,0.35,0.48,0.36,0.396667,180,54,0,0.4,0.4,0.2,0,0.418,0.46,0.42,0.2596,180,54,0,0.4,0.4,0,0.2,0.366667,0.358333,0.275,0.133333,0.366667,0.5,0.333333,0.3,0.366667,24001
90,0.35,0.48,0.36,0.396667,180,54,0,0.4,0.4,0.2,0,0.418,0.46,0.42,0.2596,180,54,0,0.4,0.4,0,0.2,0.366667,0.358333,0.275,0.133333,0.366667,0.5,0.333333,0.3,0.366667,24101
